Dataset,Accuracy,Precision,Recall,F1_score,Confusion_Matrix
Test,0.9379194630872483,0.7137635586833447,0.92348981432568,0.7761329386922702,"[[3197, 206], [16, 157]]"
