Dataset,Accuracy,Precision,Recall,F1_score,Confusion_Matrix
Test,0.944351230425056,0.728675042584817,0.9296124296990584,0.7918044033814553,"[[3219, 184], [15, 158]]"
