Dataset,Accuracy,Precision,Recall,F1_score,Confusion_Matrix
Test,0.9370805369127517,0.711639388009251,0.920305782555005,0.773495990575001,"[[3195, 208], [17, 156]]"
