Dataset,Accuracy,Precision,Recall,F1_score,Confusion_Matrix
Test,0.9563758389261745,0.7620646795898367,0.9296238244514107,0.8216636744464394,"[[4896, 208], [26, 234]]"
