Dataset,Accuracy,Precision,Recall,F1_score,Confusion_Matrix
Test,0.9541387024608501,0.7546678409431475,0.9174975886182783,0.8125182218539491,"[[4890, 214], [32, 228]]"
