Dataset,Accuracy,Precision,Recall,F1_score,Confusion_Matrix
Test,0.9476137211036539,0.736597137014315,0.925019592476489,0.7983369883163187,"[[4849, 255], [26, 234]]"
