Dataset,Accuracy,Precision,Recall,F1_score,Confusion_Matrix
Test,0.922678970917226,0.6848077184659295,0.9113673076629087,0.7436206027585514,"[[6288, 518], [35, 311]]"
