Dataset,Accuracy,Precision,Recall,F1_score,Confusion_Matrix
Test,0.9451901565995525,0.729313724017782,0.914965373972982,0.7896565911928961,"[[6455, 351], [41, 305]]"
