Dataset,Accuracy,Precision,Recall,F1_score,Confusion_Matrix
Test,0.9142897091722595,0.6735960204191969,0.915189164949662,0.7307361056287713,"[[6222, 584], [29, 317]]"
